Afghanistan; Asia
Albania; Europe
Algeria; Africa
Angola; Africa
Antigua and Barbuda; North America
Argentina; South America
Armenia; Asia
Australia; Oceania
Austria; Europe
Azerbaijan; Asia
Bahamas; North America
Bahrain; Asia
Bangladesh; Asia
Belarus; Europe
Belgium; Europe
Belize; North America
Benin; Africa
Bhutan; Asia
Bolivia; South America
Bosnia and Herzegovina; Europe
Botswana; Africa
Brazil; South America
Brunei Darussalam; Asia
Bulgaria; Europe
Burkina Faso; Africa
Burundi; Africa
Cambodia; Asia
Cameroon; Africa
Canada; North America
Cape Verde; Africa
Central African Republic; Africa
Chad; Africa
Chile; South America
China; Asia
Colombia; South America
Comoros; Africa
Congo (Dem. Rep.); Africa
Congo (Rep.); Africa
Costa Rica; North America
Côte d Ivoire; Africa
Croatia; Europe
Cyprus; Asia
Czech Republic; Europe
Denmark; Europe
Djibouti; Africa
Dominica; North America
Dominican Republic; North America
Ecuador; South America
Egypt; Africa
El Salvador; North America
Equatorial Guinea; Africa
Eritrea; Africa
Estonia; Europe
Ethiopia; Africa
Fiji; Oceania
Finland; Europe
France; Europe
Gabon; Africa
Gambia; Africa
Georgia; Asia
Germany; Europe
Ghana; Africa
Greece; Europe
Grenada; North America
Guatemala; North America
Guinea; Africa
Guinea-Bissau; Africa
Guyana; South America
Haiti; North America
Honduras; North America
Hong Kong; Asia
Hungary; Europe
Iceland; Europe
India; Asia
Indonesia; Asia
Iran; Asia
Iraq; Asia
Ireland; Europe
Israel; Asia
Italy; Europe
Jamaica; North America
Japan; Asia
Jordan; Asia
Kazakhstan; Asia
Kenya; Africa
Kiribati; Oceania
Korea; Asia
Kosovo; Asia
Kuwait; Asia
Kyrgyz Republic; Asia
Lao PDR; Asia
Latvia; Europe
Lebanon; Asia
Lesotho; Africa
Liberia; Africa
Lithuania; Europe
Luxembourg; Europe
Macedonia; Europe
Madagascar; Africa
Malawi; Africa
Malaysia; Asia
Maldives; Asia
Mali; Africa
Marshall Islands; Oceania
Mauritania; Africa
Mauritius; Africa
Mexico; North America
Micronesia; Oceania
Moldova; Europe
Mongolia; Asia
Montenegro; Europe
Morocco; Africa
Mozambique; Africa
Namibia; Africa
Nepal; Asia
Netherlands; Europe
New Zealand; Oceania
Nicaragua; North America
Niger; Africa
Nigeria; Africa
Norway; Europe
Oman; Asia
Pakistan; Asia
Palau; Oceania
Panama; North America
Papua New Guinea; Oceania
Paraguay; South America
Peru; South America
Philippines; Asia
Poland; Europe
Portugal; Europe
Puerto Rico; North America
Qatar; Asia
Romania; Europe
Russian Federation; Europe
Rwanda; Africa
Samoa; North America
São Tomé and Principe; Africa
Saudi Arabia; Asia
Senegal; Africa
Serbia; Europe
Seychelles; Africa
Sierra Leone; Africa
Singapore; Asia
Slovak Republic; Europe
Slovenia; Europe
Solomon Islands; Oceania
South Africa; Africa
Spain; Europe
Sri Lanka; Asia
St. Kitts and Nevis; North America
St. Lucia; North America
St. Vincent and the Grenadines; North America
Sudan; Africa
Suriname; South America
Swaziland; Africa
Sweden; Europe
Switzerland; Europe
Syrian Arab Republic; Asia
Taiwan; Asia
Tajikistan; Asia
Tanzania; Africa
Thailand; Asia
Timor-Leste; Asia
Togo; Africa
Tonga; Oceania
Trinidad and Tobago; North America
Tunisia; Africa
Turkey; Asia
Uganda; Africa
Ukraine; Europe
United Arab Emirates; Asia
United Kingdom; Europe
United States; North America
Uruguay; South America
Uzbekistan; Asia
Vanuatu; Oceania
Venezuela; South America
Vietnam; Asia
West Bank and Gaza; Asia
Yemen; Asia
Zambia; Africa
Zimbabwe; Africa